{"cameraMode":{"drawMode":0,"name":"Shaded","section":"Shading Mode"},"sceneLighting":true,"audioPlay":false,"sceneViewState":{"m_AlwaysRefresh":false,"showFog":true,"showSkybox":true,"showFlares":true,"showImageEffects":true,"showParticleSystems":true,"showVisualEffectGraphs":true,"m_FxEnabled":true},"in2DMode":false,"pivot":{"x":-0.5363701581954956,"y":-0.7402057647705078,"z":1.4395537376403809},"rotation":{"x":-0.14513851702213288,"y":0.8432732820510864,"z":-0.2820838987827301,"w":-0.4338844120502472},"size":3.5016210079193117,"orthographic":false}